{
    "camera_matrix": [
        [
            674.0831492169527,
            0.0,
            327.2717231357827
        ],
        [
            0.0,
            681.6129563576761,
            190.5248408964923
        ],
        [
            0.0,
            0.0,
            1.0
        ]
    ],
    "distortion_coefficients": [
        [
            0.14443547921422983,
            -0.22749092004302135,
            -0.028638210759387037,
            -0.0014835043036027745,
            0.29094607952265567
        ]
    ]
}