{
    "camera_matrix": [
        [
            1455.5428673773379,
            0.0,
            980.4199586143592
        ],
        [
            0.0,
            1457.3455869579307,
            546.1515511461722
        ],
        [
            0.0,
            0.0,
            1.0
        ]
    ],
    "distortion_coefficients": [
        [
            0.13735963148970454,
            -0.7799725541645359,
            0.0020087290833629623,
            -0.00029266933856838997,
            1.0552829276882483
        ]
    ]
}