{
    "camera_matrix": [
        [
            653.040800824991,
            0.0,
            361.3764521789826
        ],
        [
            0.0,
            873.1749594928574,
            243.84850055401307
        ],
        [
            0.0,
            0.0,
            1.0
        ]
    ],
    "distortion_coefficients": [
        [
            0.2096685703040345,
            -0.2701141669152792,
            -0.02140792744017617,
            -0.00045373208476271105,
            0.16516693416540223
        ]
    ]
}